"order_id","order_date","ship_date","delivery_duration","delivery_date","shipping_method","carrier","shipping_cost","delivery_status","warehouse_id"
1001,2021-01-13,2021-01-14,7,2021-01-21,"express","dhl",28.48,"delayed",2
1002,2021-02-02,2021-02-04,6,2021-02-10,"express","usps",21.19,"on-time",5
1003,2022-03-08,2022-03-13,2,2022-03-15,"same-day","fedex",30.61,"on-time",5
1004,2024-02-27,2024-02-29,4,2024-03-04,"standard","ups",36.3,"on-time",2
1005,2024-10-24,2024-10-26,6,2024-11-01,"express","fedex",17.58,"on-time",3
1006,2022-04-11,2022-04-15,5,2022-04-20,"same-day","ups",11.52,"delayed",1
1007,2024-10-29,2024-11-03,9,2024-11-12,"express","fedex",40.52,"returned",2
1008,2022-06-28,2022-06-29,9,2022-07-08,"same-day","dhl",48.65,"on-time",4
1009,2024-10-18,2024-10-22,6,2024-10-28,"standard","usps",27.18,"delayed",2
1010,2024-11-21,2024-11-23,7,2024-11-30,"standard","dhl",36.17,"on-time",4
1011,2023-04-17,2023-04-18,10,2023-04-28,"same-day","usps",32.63,"on-time",1
1012,2024-06-17,2024-06-20,9,2024-06-29,"express","dhl",22.39,"on-time",2
1013,2021-10-14,2021-10-17,4,2021-10-21,"same-day","ups",7.56,"delayed",3
1014,2023-07-24,2023-07-28,5,2023-08-02,"standard","fedex",44.2,"on-time",5
1015,2021-10-17,2021-10-18,5,2021-10-23,"express","ups",22.46,"on-time",3
1016,2022-09-20,2022-09-23,9,2022-10-02,"same-day","ups",30.5,"on-time",1
1017,2024-10-29,2024-11-03,10,2024-11-13,"same-day","dhl",19.86,"on-time",4
1018,2023-12-11,2023-12-13,10,2023-12-23,"express","dhl",17.53,"on-time",4
1019,2021-09-30,2021-10-04,3,2021-10-07,"express","ups",9.69,"on-time",5
1020,2022-07-23,2022-07-26,8,2022-08-03,"standard","fedex",8.62,"delayed",1
1021,2022-04-23,2022-04-26,5,2022-05-01,"standard","fedex",13.46,"on-time",5
1022,2023-10-21,2023-10-25,4,2023-10-29,"same-day","ups",26.77,"on-time",1
1023,2022-08-11,2022-08-12,4,2022-08-16,"express","dhl",24.64,"on-time",2
1024,2023-06-24,2023-06-25,7,2023-07-02,"standard","usps",37.97,"on-time",1
1025,2024-08-25,2024-08-27,2,2024-08-29,"same-day","usps",22.69,"on-time",4
1026,2021-07-30,2021-08-02,7,2021-08-09,"express","fedex",33.26,"on-time",3
1027,2023-01-09,2023-01-13,9,2023-01-22,"standard","dhl",28.33,"on-time",2
1028,2024-05-16,2024-05-19,8,2024-05-27,"express","fedex",8.66,"delayed",3
1029,2022-09-17,2022-09-21,10,2022-10-01,"standard","usps",44.77,"on-time",1
1030,2021-12-25,2021-12-30,2,2022-01-01,"same-day","ups",34.81,"on-time",1
1031,2022-07-23,2022-07-24,6,2022-07-30,"standard","fedex",26.53,"delayed",1
1032,2022-12-29,2023-01-01,10,2023-01-11,"express","ups",18.03,"delayed",1
1033,2023-01-01,2023-01-02,6,2023-01-08,"standard","usps",30.49,"on-time",4
1034,2023-09-26,2023-09-30,5,2023-10-05,"same-day","fedex",27.67,"on-time",3
1035,2023-07-10,2023-07-15,4,2023-07-19,"express","usps",19.84,"delayed",1
1036,2023-11-10,2023-11-12,2,2023-11-14,"standard","fedex",45.22,"on-time",2
1037,2024-08-11,2024-08-12,10,2024-08-22,"standard","fedex",28.51,"on-time",4
1038,2023-07-07,2023-07-09,10,2023-07-19,"standard","usps",33.4,"on-time",4
1039,2021-11-16,2021-11-17,3,2021-11-20,"express","usps",32.92,"returned",5
1040,2021-01-10,2021-01-12,5,2021-01-17,"express","fedex",36.56,"on-time",1
1041,2024-02-10,2024-02-13,9,2024-02-22,"express","usps",19.99,"on-time",3
1042,2023-11-23,2023-11-25,4,2023-11-29,"same-day","usps",14.14,"on-time",3
1043,2022-01-16,2022-01-20,5,2022-01-25,"standard","ups",16.38,"on-time",2
1044,2023-08-25,2023-08-26,7,2023-09-02,"express","dhl",31.48,"on-time",4
1045,2023-11-28,2023-11-29,9,2023-12-08,"express","fedex",28.99,"on-time",2
1046,2024-01-02,2024-01-03,8,2024-01-11,"express","fedex",8.28,"on-time",4
1047,2023-01-29,2023-01-30,3,2023-02-02,"same-day","usps",20.97,"on-time",3
1048,2024-09-06,2024-09-10,9,2024-09-19,"express","ups",41.21,"on-time",2
1049,2022-03-12,2022-03-16,4,2022-03-20,"same-day","ups",27.42,"delayed",2
1050,2023-01-11,2023-01-13,2,2023-01-15,"standard","fedex",15.05,"on-time",5
1051,2024-06-26,2024-06-29,7,2024-07-06,"standard","fedex",21.41,"on-time",5
1052,2022-06-29,2022-07-04,10,2022-07-14,"same-day","dhl",10.09,"on-time",4
1053,2021-08-30,2021-09-03,9,2021-09-12,"express","fedex",21.11,"on-time",4
1054,2024-01-17,2024-01-21,5,2024-01-26,"standard","usps",13.78,"on-time",5
1055,2024-12-13,2024-12-18,5,2024-12-23,"standard","dhl",26.37,"delayed",2
1056,2021-04-24,2021-04-26,3,2021-04-29,"standard","usps",38.4,"on-time",3
1057,2022-02-26,2022-02-27,4,2022-03-03,"standard","fedex",26.52,"delayed",2
1058,2021-05-03,2021-05-05,7,2021-05-12,"standard","usps",30.81,"delayed",3
1059,2022-03-25,2022-03-28,7,2022-04-04,"express","usps",38.44,"on-time",1
1060,2024-11-14,2024-11-19,6,2024-11-25,"express","dhl",5.92,"on-time",3
1061,2024-11-22,2024-11-23,3,2024-11-26,"standard","usps",10.95,"on-time",3
1062,2024-02-21,2024-02-24,8,2024-03-03,"express","dhl",5.66,"on-time",5
1063,2024-02-25,2024-02-26,4,2024-03-01,"same-day","usps",7.04,"on-time",1
1064,2021-01-13,2021-01-17,7,2021-01-24,"same-day","dhl",20.57,"on-time",1
1065,2023-07-26,2023-07-27,4,2023-07-31,"standard","ups",41.16,"on-time",3
1066,2021-06-30,2021-07-05,8,2021-07-13,"standard","usps",13.43,"delayed",3
1067,2021-12-08,2021-12-13,9,2021-12-22,"express","ups",13.67,"on-time",3
1068,2024-03-21,2024-03-22,10,2024-04-01,"same-day","usps",28.25,"delayed",4
1069,2021-08-09,2021-08-11,9,2021-08-20,"express","ups",46.06,"delayed",3
1070,2021-08-13,2021-08-15,2,2021-08-17,"express","usps",18.14,"on-time",2
1071,2022-03-14,2022-03-19,8,2022-03-27,"same-day","usps",8.81,"on-time",3
1072,2024-06-19,2024-06-21,3,2024-06-24,"same-day","fedex",19.95,"on-time",1
1073,2023-10-30,2023-10-31,7,2023-11-07,"express","ups",6.55,"returned",3
1074,2022-12-31,2023-01-03,6,2023-01-09,"express","dhl",32.58,"on-time",1
1075,2024-08-16,2024-08-18,9,2024-08-27,"express","dhl",16.13,"on-time",1
1076,2021-07-24,2021-07-25,9,2021-08-03,"standard","fedex",38.47,"delayed",5
1077,2021-04-07,2021-04-08,5,2021-04-13,"same-day","dhl",14.05,"on-time",3
1078,2021-07-04,2021-07-06,7,2021-07-13,"standard","fedex",20.35,"on-time",5
1079,2021-07-06,2021-07-07,9,2021-07-16,"same-day","dhl",9.25,"on-time",4
1080,2021-10-02,2021-10-06,4,2021-10-10,"standard","dhl",35.53,"delayed",2
1081,2022-12-13,2022-12-17,3,2022-12-20,"same-day","ups",9.76,"on-time",2
1082,2022-12-23,2022-12-25,2,2022-12-27,"same-day","dhl",6.54,"on-time",5
1083,2024-08-12,2024-08-17,2,2024-08-19,"standard","ups",17.43,"on-time",5
1084,2021-01-22,2021-01-27,8,2021-02-04,"express","usps",15.35,"on-time",2
1085,2022-05-21,2022-05-24,3,2022-05-27,"same-day","fedex",47.33,"on-time",4
1086,2023-09-27,2023-09-29,4,2023-10-03,"standard","dhl",32.47,"delayed",2
1087,2021-04-27,2021-04-29,6,2021-05-05,"express","ups",12.8,"on-time",2
1088,2023-12-02,2023-12-03,5,2023-12-08,"same-day","ups",20.91,"on-time",1
1089,2023-07-14,2023-07-18,10,2023-07-28,"standard","ups",34.51,"on-time",3
1090,2022-06-16,2022-06-18,4,2022-06-22,"express","ups",38.15,"delayed",4
1091,2024-10-26,2024-10-31,8,2024-11-08,"standard","dhl",12.89,"delayed",4
1092,2021-07-17,2021-07-22,5,2021-07-27,"express","dhl",10.62,"on-time",5
1093,2024-01-24,2024-01-27,9,2024-02-05,"express","usps",23.1,"on-time",3
1094,2021-06-14,2021-06-18,5,2021-06-23,"standard","usps",40.32,"on-time",2
1095,2023-12-12,2023-12-17,2,2023-12-19,"express","dhl",5.8,"on-time",3
1096,2024-02-23,2024-02-24,4,2024-02-28,"standard","fedex",40.23,"delayed",1
1097,2023-09-14,2023-09-18,5,2023-09-23,"express","usps",32.31,"on-time",5
1098,2021-12-01,2021-12-04,8,2021-12-12,"standard","fedex",30.7,"on-time",4
1099,2024-03-04,2024-03-09,7,2024-03-16,"same-day","fedex",42.65,"on-time",3
1100,2023-02-22,2023-02-24,4,2023-02-28,"express","usps",26.28,"on-time",1
1101,2021-05-23,2021-05-27,8,2021-06-04,"standard","ups",32.65,"returned",1
1102,2022-03-27,2022-04-01,10,2022-04-11,"express","fedex",41.61,"on-time",1
1103,2024-02-11,2024-02-13,10,2024-02-23,"same-day","fedex",40.68,"on-time",3
1104,2021-02-16,2021-02-21,4,2021-02-25,"express","fedex",23.53,"on-time",3
1105,2024-09-07,2024-09-10,7,2024-09-17,"same-day","dhl",30.15,"on-time",5
1106,2022-07-21,2022-07-22,8,2022-07-30,"standard","fedex",32.63,"on-time",3
1107,2023-08-03,2023-08-05,10,2023-08-15,"express","ups",17.38,"delayed",4
1108,2024-12-12,2024-12-14,10,2024-12-24,"express","dhl",10.84,"delayed",3
1109,2022-06-13,2022-06-15,9,2022-06-24,"standard","fedex",9.49,"delayed",4
1110,2021-07-01,2021-07-02,5,2021-07-07,"express","ups",16.05,"delayed",2
1111,2023-10-14,2023-10-17,5,2023-10-22,"standard","usps",38.53,"on-time",1
1112,2021-12-24,2021-12-25,7,2022-01-01,"same-day","dhl",34.26,"returned",3
1113,2024-05-10,2024-05-11,7,2024-05-18,"same-day","dhl",33.95,"on-time",4
1114,2024-12-13,2024-12-16,7,2024-12-23,"same-day","dhl",17.42,"on-time",4
1115,2024-01-16,2024-01-17,4,2024-01-21,"same-day","usps",26.27,"delayed",5
1116,2022-01-08,2022-01-09,2,2022-01-11,"standard","dhl",21.81,"on-time",3
1117,2024-04-11,2024-04-16,9,2024-04-25,"express","usps",30.94,"delayed",1
1118,2024-10-15,2024-10-20,3,2024-10-23,"same-day","dhl",43.74,"on-time",2
1119,2024-08-14,2024-08-18,6,2024-08-24,"standard","fedex",28.89,"on-time",3
1120,2024-05-25,2024-05-28,6,2024-06-03,"express","usps",30.55,"on-time",4
1121,2021-05-09,2021-05-14,9,2021-05-23,"same-day","ups",49.51,"on-time",1
1122,2024-02-27,2024-02-28,5,2024-03-04,"express","fedex",36.19,"on-time",3
1123,2023-07-10,2023-07-13,2,2023-07-15,"express","fedex",41.82,"on-time",2
1124,2024-04-09,2024-04-10,4,2024-04-14,"same-day","ups",43.01,"on-time",4
1125,2021-08-24,2021-08-25,5,2021-08-30,"same-day","usps",30.86,"on-time",3
1126,2023-03-25,2023-03-29,9,2023-04-07,"standard","ups",22.92,"delayed",5
1127,2024-05-06,2024-05-08,8,2024-05-16,"express","fedex",7.12,"on-time",4
1128,2022-07-30,2022-08-04,6,2022-08-10,"express","ups",21.91,"returned",5
1129,2023-03-06,2023-03-07,3,2023-03-10,"express","usps",27.05,"delayed",4
1130,2023-04-17,2023-04-18,4,2023-04-22,"express","ups",43.3,"on-time",3
1131,2021-05-27,2021-06-01,3,2021-06-04,"express","fedex",39.93,"on-time",5
1132,2021-01-07,2021-01-11,2,2021-01-13,"standard","dhl",7.02,"delayed",3
1133,2023-07-27,2023-08-01,3,2023-08-04,"same-day","fedex",24.05,"on-time",2
1134,2022-01-15,2022-01-18,7,2022-01-25,"same-day","dhl",34.1,"on-time",1
1135,2021-12-17,2021-12-21,3,2021-12-24,"express","usps",36.29,"on-time",4
1136,2022-03-21,2022-03-24,8,2022-04-01,"same-day","ups",29.39,"delayed",2
1137,2024-06-14,2024-06-17,3,2024-06-20,"same-day","ups",10.31,"on-time",2
1138,2021-06-17,2021-06-22,10,2021-07-02,"express","ups",47.45,"returned",3
1139,2024-01-17,2024-01-22,8,2024-01-30,"express","fedex",42.83,"on-time",2
1140,2024-06-15,2024-06-20,3,2024-06-23,"express","fedex",24.32,"on-time",5
1141,2024-07-07,2024-07-11,4,2024-07-15,"express","ups",8.6,"returned",3
1142,2023-12-06,2023-12-09,8,2023-12-17,"express","fedex",31.11,"on-time",1
1143,2023-06-03,2023-06-06,5,2023-06-11,"express","dhl",30.28,"on-time",2
1144,2023-07-15,2023-07-17,9,2023-07-26,"standard","fedex",9.55,"on-time",1
1145,2024-02-24,2024-02-25,2,2024-02-27,"same-day","dhl",36.99,"delayed",4
1146,2024-01-30,2024-02-02,7,2024-02-09,"express","ups",21.42,"delayed",2
1147,2022-12-08,2022-12-13,10,2022-12-23,"same-day","ups",11.38,"on-time",3
1148,2023-11-06,2023-11-10,4,2023-11-14,"express","usps",11.08,"delayed",5
1149,2021-08-10,2021-08-15,8,2021-08-23,"standard","dhl",46.15,"delayed",4
1150,2024-10-15,2024-10-18,6,2024-10-24,"same-day","dhl",37.59,"on-time",4
1151,2022-05-10,2022-05-11,5,2022-05-16,"same-day","dhl",48.84,"delayed",1
1152,2023-04-23,2023-04-26,10,2023-05-06,"same-day","fedex",28.97,"on-time",5
1153,2022-11-22,2022-11-27,9,2022-12-06,"standard","usps",40.69,"on-time",2
1154,2023-03-28,2023-04-02,5,2023-04-07,"same-day","usps",21.58,"returned",1
1155,2021-12-31,2022-01-02,3,2022-01-05,"express","usps",21.19,"delayed",3
1156,2023-10-09,2023-10-14,7,2023-10-21,"express","usps",32.13,"delayed",1
1157,2021-08-30,2021-09-03,8,2021-09-11,"express","fedex",37.97,"on-time",4
1158,2024-12-18,2024-12-20,7,2024-12-27,"same-day","fedex",46.11,"on-time",4
1159,2023-08-22,2023-08-23,2,2023-08-25,"same-day","usps",32.02,"delayed",5
1160,2024-07-22,2024-07-23,3,2024-07-26,"same-day","ups",16.43,"on-time",5
1161,2021-02-25,2021-02-28,7,2021-03-07,"express","usps",37.39,"delayed",3
1162,2023-08-21,2023-08-25,4,2023-08-29,"same-day","ups",36.5,"delayed",5
1163,2023-08-22,2023-08-27,10,2023-09-06,"same-day","ups",18.16,"on-time",1
1164,2023-06-01,2023-06-03,7,2023-06-10,"same-day","ups",28.08,"on-time",4
1165,2024-10-13,2024-10-17,8,2024-10-25,"express","fedex",29.7,"on-time",4
1166,2022-09-01,2022-09-03,5,2022-09-08,"standard","dhl",11.5,"on-time",4
1167,2022-08-16,2022-08-21,2,2022-08-23,"standard","ups",42.47,"on-time",3
1168,2024-07-02,2024-07-05,7,2024-07-12,"standard","dhl",7.43,"on-time",3
1169,2024-02-20,2024-02-21,3,2024-02-24,"express","ups",10.12,"on-time",5
1170,2021-01-21,2021-01-24,6,2021-01-30,"express","dhl",45.32,"on-time",1
1171,2024-11-17,2024-11-18,7,2024-11-25,"standard","usps",8.96,"on-time",2
1172,2023-07-03,2023-07-06,10,2023-07-16,"same-day","dhl",47.24,"on-time",5
1173,2024-03-16,2024-03-19,10,2024-03-29,"express","dhl",41.96,"delayed",5
1174,2024-03-12,2024-03-14,8,2024-03-22,"express","usps",45.05,"on-time",3
1175,2022-09-22,2022-09-26,2,2022-09-28,"same-day","usps",31.02,"on-time",5
1176,2023-08-03,2023-08-04,9,2023-08-13,"standard","usps",12.34,"delayed",2
1177,2021-09-05,2021-09-09,2,2021-09-11,"standard","ups",42.81,"on-time",5
1178,2023-08-21,2023-08-23,10,2023-09-02,"same-day","fedex",21.12,"on-time",1
1179,2023-02-04,2023-02-07,8,2023-02-15,"express","ups",17.99,"on-time",4
1180,2022-08-16,2022-08-17,5,2022-08-22,"standard","dhl",48.82,"delayed",2
1181,2022-02-17,2022-02-20,10,2022-03-02,"standard","fedex",44.87,"delayed",2
1182,2023-06-28,2023-07-03,4,2023-07-07,"express","ups",39.84,"on-time",4
1183,2024-05-28,2024-05-31,3,2024-06-03,"standard","usps",14.74,"on-time",3
1184,2021-02-04,2021-02-07,4,2021-02-11,"same-day","usps",38.54,"delayed",3
1185,2022-03-09,2022-03-14,3,2022-03-17,"express","ups",31.48,"on-time",4
1186,2021-12-28,2022-01-01,10,2022-01-11,"same-day","dhl",48.5,"delayed",2
1187,2024-08-18,2024-08-20,3,2024-08-23,"standard","ups",34.31,"delayed",5
1188,2023-01-19,2023-01-20,7,2023-01-27,"standard","dhl",10.84,"on-time",4
1189,2021-03-20,2021-03-22,10,2021-04-01,"standard","fedex",49.08,"on-time",2
1190,2023-01-14,2023-01-17,3,2023-01-20,"express","ups",19.21,"on-time",3
1191,2024-03-30,2024-04-03,10,2024-04-13,"standard","dhl",30.37,"on-time",5
1192,2021-03-10,2021-03-12,8,2021-03-20,"standard","usps",18.41,"on-time",3
1193,2022-04-03,2022-04-08,5,2022-04-13,"standard","ups",42.69,"on-time",2
1194,2021-08-22,2021-08-24,10,2021-09-03,"standard","fedex",20.23,"on-time",2
1195,2023-06-23,2023-06-26,10,2023-07-06,"standard","usps",36.01,"delayed",4
1196,2024-01-06,2024-01-11,3,2024-01-14,"same-day","fedex",11.21,"on-time",2
1197,2023-10-29,2023-11-02,10,2023-11-12,"express","ups",44.19,"delayed",1
1198,2024-01-28,2024-01-30,5,2024-02-04,"standard","ups",29.17,"delayed",3
1199,2023-01-19,2023-01-22,6,2023-01-28,"standard","ups",38.76,"delayed",2
1200,2023-10-21,2023-10-26,3,2023-10-29,"same-day","ups",23.87,"on-time",2
1201,2023-08-08,2023-08-09,5,2023-08-14,"same-day","dhl",42.04,"on-time",3
1202,2024-01-07,2024-01-08,9,2024-01-17,"same-day","fedex",12.93,"on-time",4
1203,2021-12-23,2021-12-26,4,2021-12-30,"express","fedex",22.87,"on-time",4
1204,2023-02-15,2023-02-18,4,2023-02-22,"express","fedex",48.56,"returned",3
1205,2022-01-16,2022-01-19,8,2022-01-27,"same-day","usps",48.4,"on-time",1
1206,2021-01-18,2021-01-20,5,2021-01-25,"express","dhl",28.6,"delayed",3
1207,2024-04-13,2024-04-15,4,2024-04-19,"express","dhl",49.6,"delayed",1
1208,2021-09-10,2021-09-11,7,2021-09-18,"same-day","dhl",5.37,"on-time",2
1209,2024-04-14,2024-04-15,9,2024-04-24,"standard","usps",45.68,"on-time",1
1210,2021-07-13,2021-07-18,8,2021-07-26,"same-day","usps",21.8,"on-time",2
1211,2024-01-21,2024-01-26,10,2024-02-05,"express","ups",11.97,"delayed",2
1212,2024-03-20,2024-03-23,6,2024-03-29,"same-day","fedex",5.23,"on-time",3
1213,2022-04-11,2022-04-12,8,2022-04-20,"standard","fedex",45.92,"on-time",2
1214,2023-11-17,2023-11-19,8,2023-11-27,"same-day","dhl",23.19,"on-time",3
1215,2021-09-01,2021-09-06,9,2021-09-15,"same-day","fedex",7.8,"delayed",3
1216,2022-06-28,2022-06-29,2,2022-07-01,"same-day","fedex",34.11,"on-time",3
1217,2024-11-20,2024-11-23,6,2024-11-29,"standard","usps",14.62,"on-time",2
1218,2021-09-03,2021-09-08,7,2021-09-15,"same-day","ups",18.04,"on-time",4
1219,2021-09-22,2021-09-27,4,2021-10-01,"express","fedex",9.1,"on-time",5
1220,2024-04-27,2024-04-30,9,2024-05-09,"express","dhl",26.9,"on-time",4
1221,2021-07-29,2021-07-31,7,2021-08-07,"same-day","dhl",19.89,"on-time",4
1222,2021-02-16,2021-02-21,7,2021-02-28,"express","fedex",33.37,"on-time",2
1223,2024-01-23,2024-01-24,5,2024-01-29,"same-day","fedex",36.85,"delayed",1
1224,2021-11-25,2021-11-26,4,2021-11-30,"standard","ups",20.76,"on-time",3
1225,2022-09-17,2022-09-18,9,2022-09-27,"standard","fedex",25.67,"delayed",2
1226,2023-06-04,2023-06-08,2,2023-06-10,"standard","dhl",46.22,"on-time",3
1227,2021-09-23,2021-09-26,6,2021-10-02,"same-day","usps",9.63,"on-time",4
1228,2022-09-14,2022-09-15,4,2022-09-19,"same-day","dhl",48.65,"on-time",4
1229,2023-11-05,2023-11-07,3,2023-11-10,"standard","dhl",10.13,"on-time",5
1230,2023-05-27,2023-05-28,5,2023-06-02,"standard","fedex",40.64,"on-time",2
1231,2022-03-29,2022-03-30,8,2022-04-07,"standard","usps",45.05,"on-time",1
1232,2021-04-23,2021-04-24,5,2021-04-29,"express","usps",42.48,"delayed",3
1233,2021-03-26,2021-03-31,9,2021-04-09,"same-day","dhl",12.74,"on-time",1
1234,2023-02-28,2023-03-05,3,2023-03-08,"standard","dhl",49.56,"on-time",2
1235,2021-07-08,2021-07-11,2,2021-07-13,"standard","usps",11.19,"on-time",1
1236,2022-04-06,2022-04-08,4,2022-04-12,"standard","fedex",25.12,"on-time",1
1237,2024-10-28,2024-10-29,5,2024-11-03,"express","fedex",39.62,"on-time",5
1238,2022-05-06,2022-05-09,2,2022-05-11,"standard","dhl",30.61,"on-time",4
1239,2021-04-20,2021-04-22,8,2021-04-30,"standard","usps",34.14,"delayed",1
1240,2024-05-21,2024-05-26,8,2024-06-03,"same-day","dhl",7.7,"on-time",1
1241,2022-05-05,2022-05-08,6,2022-05-14,"express","dhl",39.2,"on-time",2
1242,2022-01-18,2022-01-19,7,2022-01-26,"express","usps",26.37,"on-time",2
1243,2023-01-19,2023-01-22,10,2023-02-01,"same-day","dhl",10.24,"delayed",1
1244,2022-10-18,2022-10-19,9,2022-10-28,"standard","dhl",18.29,"on-time",4
1245,2024-05-18,2024-05-21,9,2024-05-30,"standard","ups",6.62,"on-time",4
1246,2021-11-19,2021-11-24,2,2021-11-26,"standard","ups",24.98,"on-time",2
1247,2021-03-01,2021-03-06,6,2021-03-12,"same-day","fedex",28.58,"delayed",4
1248,2022-11-01,2022-11-06,7,2022-11-13,"same-day","fedex",29.75,"delayed",4
1249,2023-05-24,2023-05-26,2,2023-05-28,"express","ups",6.18,"on-time",5
1250,2023-08-28,2023-08-30,3,2023-09-02,"same-day","fedex",25.12,"on-time",3
1251,2021-05-15,2021-05-17,8,2021-05-25,"same-day","fedex",17.82,"on-time",1
1252,2023-12-14,2023-12-17,8,2023-12-25,"standard","dhl",22.46,"delayed",3
1253,2024-08-31,2024-09-05,4,2024-09-09,"same-day","usps",9.02,"on-time",3
1254,2021-09-03,2021-09-05,6,2021-09-11,"same-day","ups",5.29,"delayed",4
1255,2021-08-30,2021-09-03,6,2021-09-09,"same-day","dhl",48.82,"on-time",1
1256,2023-01-28,2023-02-02,8,2023-02-10,"standard","fedex",44.98,"delayed",4
1257,2024-05-30,2024-05-31,10,2024-06-10,"express","fedex",21.95,"on-time",3
1258,2024-08-05,2024-08-07,5,2024-08-12,"standard","ups",38.11,"on-time",2
1259,2024-04-17,2024-04-21,5,2024-04-26,"express","dhl",24.1,"on-time",5
1260,2024-01-22,2024-01-23,7,2024-01-30,"same-day","ups",6.61,"on-time",3
1261,2022-11-23,2022-11-24,9,2022-12-03,"same-day","ups",23.16,"on-time",3
1262,2022-01-26,2022-01-30,6,2022-02-05,"express","fedex",28.09,"on-time",5
1263,2023-01-08,2023-01-13,7,2023-01-20,"express","dhl",38.88,"delayed",2
1264,2023-05-07,2023-05-10,10,2023-05-20,"express","usps",46.59,"on-time",5
1265,2021-03-31,2021-04-01,2,2021-04-03,"standard","dhl",33.1,"on-time",3
1266,2021-05-25,2021-05-28,8,2021-06-05,"same-day","ups",48.31,"on-time",3
1267,2024-05-16,2024-05-19,3,2024-05-22,"standard","usps",20.73,"on-time",2
1268,2023-04-29,2023-05-03,2,2023-05-05,"express","ups",49.69,"on-time",1
1269,2024-09-23,2024-09-27,4,2024-10-01,"express","fedex",20.71,"on-time",5
1270,2022-10-27,2022-11-01,4,2022-11-05,"same-day","dhl",18.03,"delayed",4
1271,2024-10-19,2024-10-22,3,2024-10-25,"standard","ups",18.46,"on-time",5
1272,2021-08-06,2021-08-10,7,2021-08-17,"same-day","dhl",42.33,"on-time",2
1273,2024-03-14,2024-03-16,8,2024-03-24,"same-day","usps",33.9,"on-time",5
1274,2023-11-13,2023-11-15,8,2023-11-23,"standard","dhl",46.47,"on-time",2
1275,2021-08-04,2021-08-05,3,2021-08-08,"express","usps",30.09,"on-time",4
1276,2023-08-09,2023-08-13,6,2023-08-19,"express","usps",14.95,"on-time",3
1277,2021-09-07,2021-09-09,8,2021-09-17,"standard","usps",42.84,"on-time",2
1278,2023-12-03,2023-12-04,8,2023-12-12,"express","ups",37.41,"returned",2
1279,2023-08-22,2023-08-24,9,2023-09-02,"express","fedex",38.72,"on-time",3
1280,2022-06-22,2022-06-25,2,2022-06-27,"express","ups",32.88,"on-time",1
1281,2022-12-03,2022-12-05,4,2022-12-09,"express","fedex",41.96,"on-time",4
1282,2023-02-09,2023-02-11,4,2023-02-15,"same-day","ups",45.49,"delayed",5
1283,2024-02-13,2024-02-17,9,2024-02-26,"same-day","dhl",5.92,"on-time",1
1284,2023-05-13,2023-05-17,9,2023-05-26,"express","dhl",32.05,"on-time",2
1285,2023-10-29,2023-10-31,8,2023-11-08,"same-day","dhl",36.67,"on-time",5
1286,2021-05-24,2021-05-26,6,2021-06-01,"same-day","fedex",23.12,"on-time",4
1287,2024-04-03,2024-04-05,7,2024-04-12,"same-day","usps",20.7,"delayed",1
1288,2021-01-10,2021-01-12,4,2021-01-16,"same-day","ups",35.89,"on-time",3
1289,2022-08-06,2022-08-10,5,2022-08-15,"express","usps",12.33,"delayed",4
1290,2024-08-14,2024-08-19,3,2024-08-22,"same-day","ups",11.45,"on-time",2
1291,2023-12-15,2023-12-16,8,2023-12-24,"express","dhl",34.42,"delayed",1
1292,2024-07-19,2024-07-23,2,2024-07-25,"express","dhl",38.59,"delayed",1
1293,2022-03-27,2022-03-29,4,2022-04-02,"standard","ups",18.22,"delayed",3
1294,2022-03-14,2022-03-17,10,2022-03-27,"standard","dhl",21.11,"on-time",3
1295,2021-10-03,2021-10-06,8,2021-10-14,"standard","ups",22.93,"on-time",1
1296,2021-04-30,2021-05-02,2,2021-05-04,"same-day","ups",35.4,"on-time",5
1297,2023-10-26,2023-10-27,7,2023-11-03,"standard","fedex",31.58,"delayed",4
1298,2024-05-15,2024-05-18,9,2024-05-27,"same-day","dhl",31.6,"on-time",4
1299,2022-01-21,2022-01-24,6,2022-01-30,"standard","fedex",35.06,"delayed",1
1300,2022-11-12,2022-11-16,6,2022-11-22,"same-day","fedex",32.49,"on-time",1
1301,2022-02-21,2022-02-23,9,2022-03-04,"express","usps",18.14,"on-time",4
1302,2022-11-28,2022-12-02,3,2022-12-05,"standard","fedex",15.56,"on-time",1
1303,2024-10-11,2024-10-12,2,2024-10-14,"standard","fedex",32.13,"delayed",5
1304,2022-09-11,2022-09-12,5,2022-09-17,"same-day","ups",25.55,"on-time",3
1305,2022-12-22,2022-12-23,5,2022-12-28,"express","dhl",13.63,"on-time",1
1306,2023-03-13,2023-03-15,7,2023-03-22,"express","dhl",19.92,"on-time",3
1307,2023-03-13,2023-03-18,7,2023-03-25,"standard","fedex",39.06,"delayed",4
1308,2021-12-24,2021-12-27,9,2022-01-05,"same-day","ups",37.64,"on-time",1
1309,2021-01-25,2021-01-29,6,2021-02-04,"same-day","dhl",41.54,"on-time",5
1310,2021-01-29,2021-01-30,5,2021-02-04,"standard","ups",49.01,"on-time",4
1311,2024-04-13,2024-04-18,2,2024-04-20,"same-day","ups",17.98,"on-time",3
1312,2023-09-28,2023-09-30,8,2023-10-08,"same-day","fedex",37.11,"returned",1
1313,2021-09-08,2021-09-10,3,2021-09-13,"same-day","fedex",41.35,"on-time",3
1314,2023-04-21,2023-04-24,8,2023-05-02,"express","dhl",10.04,"on-time",3
1315,2024-09-04,2024-09-06,7,2024-09-13,"same-day","usps",32.31,"delayed",3
1316,2023-09-02,2023-09-07,2,2023-09-09,"express","fedex",10.45,"on-time",1
1317,2024-11-08,2024-11-13,3,2024-11-16,"same-day","ups",27.57,"delayed",4
1318,2021-09-18,2021-09-20,6,2021-09-26,"same-day","dhl",27.96,"on-time",3
1319,2023-04-20,2023-04-21,8,2023-04-29,"standard","ups",5.67,"on-time",2
1320,2022-11-23,2022-11-28,2,2022-11-30,"standard","ups",42.88,"on-time",4
1321,2024-02-15,2024-02-17,8,2024-02-25,"express","usps",38,"returned",1
1322,2024-10-10,2024-10-11,2,2024-10-13,"same-day","dhl",46.48,"on-time",4
1323,2022-03-11,2022-03-14,5,2022-03-19,"standard","usps",17.53,"on-time",1
1324,2024-03-16,2024-03-21,4,2024-03-25,"standard","ups",11.03,"on-time",4
1325,2021-04-23,2021-04-24,5,2021-04-29,"standard","ups",27.05,"on-time",4
1326,2021-04-29,2021-05-01,10,2021-05-11,"standard","ups",29.37,"on-time",1
1327,2022-03-28,2022-03-29,8,2022-04-06,"express","ups",45.89,"returned",3
1328,2023-05-28,2023-06-01,2,2023-06-03,"standard","dhl",29.83,"on-time",2
1329,2023-06-16,2023-06-20,10,2023-06-30,"same-day","ups",19.45,"on-time",2
1330,2024-04-24,2024-04-27,2,2024-04-29,"standard","fedex",25.52,"on-time",5
1331,2021-08-16,2021-08-19,7,2021-08-26,"standard","ups",20.74,"on-time",4
1332,2021-11-17,2021-11-21,10,2021-12-01,"standard","fedex",9.84,"on-time",5
1333,2022-10-12,2022-10-16,7,2022-10-23,"express","dhl",36.9,"on-time",5
1334,2022-11-27,2022-12-02,2,2022-12-04,"same-day","dhl",38.03,"on-time",3
1335,2022-08-29,2022-08-31,2,2022-09-02,"standard","fedex",16.7,"on-time",1
1336,2023-12-11,2023-12-14,2,2023-12-16,"same-day","usps",6.25,"on-time",4
1337,2022-09-01,2022-09-03,5,2022-09-08,"standard","dhl",20.27,"on-time",1
1338,2022-03-14,2022-03-18,5,2022-03-23,"same-day","dhl",38.95,"on-time",2
1339,2022-03-29,2022-04-02,8,2022-04-10,"express","usps",13.11,"on-time",5
1340,2021-10-10,2021-10-12,5,2021-10-17,"express","usps",7.57,"returned",5
1341,2022-10-12,2022-10-14,6,2022-10-20,"same-day","ups",19.33,"on-time",1
1342,2021-05-19,2021-05-23,3,2021-05-26,"standard","fedex",21.55,"on-time",4
1343,2023-09-07,2023-09-10,5,2023-09-15,"standard","ups",24.51,"on-time",1
1344,2022-08-17,2022-08-19,5,2022-08-24,"standard","dhl",24.87,"on-time",5
1345,2024-04-27,2024-04-29,7,2024-05-06,"same-day","ups",41.34,"delayed",3
1346,2021-08-23,2021-08-27,5,2021-09-01,"express","dhl",16.26,"on-time",3
1347,2023-05-23,2023-05-28,3,2023-05-31,"standard","usps",12.24,"on-time",4
1348,2024-11-26,2024-11-29,10,2024-12-09,"express","dhl",17.82,"delayed",4
1349,2023-09-28,2023-10-02,9,2023-10-11,"standard","dhl",28.56,"on-time",4
1350,2024-09-22,2024-09-24,10,2024-10-04,"same-day","ups",35.65,"on-time",5
1351,2022-08-27,2022-08-30,8,2022-09-07,"standard","dhl",5.09,"on-time",5
1352,2024-03-21,2024-03-26,9,2024-04-04,"express","usps",45.65,"on-time",5
1353,2024-07-04,2024-07-05,6,2024-07-11,"same-day","fedex",34.55,"on-time",4
1354,2021-09-02,2021-09-04,6,2021-09-10,"standard","fedex",28.16,"on-time",3
1355,2023-10-05,2023-10-09,4,2023-10-13,"express","usps",30.24,"on-time",1
1356,2023-03-16,2023-03-19,10,2023-03-29,"standard","usps",17.42,"on-time",2
1357,2022-01-24,2022-01-26,4,2022-01-30,"standard","dhl",41.87,"on-time",4
1358,2024-12-21,2024-12-26,2,2024-12-28,"same-day","dhl",16.38,"delayed",1
1359,2021-11-30,2021-12-04,2,2021-12-06,"same-day","usps",20.33,"on-time",5
1360,2024-02-07,2024-02-12,3,2024-02-15,"same-day","ups",39.34,"on-time",5
1361,2022-06-16,2022-06-20,4,2022-06-24,"same-day","ups",20.36,"delayed",1
1362,2021-06-16,2021-06-17,9,2021-06-26,"standard","ups",19.46,"on-time",1
1363,2022-04-09,2022-04-10,10,2022-04-20,"express","dhl",16.81,"delayed",3
1364,2021-06-27,2021-06-28,3,2021-07-01,"standard","ups",7.74,"on-time",2
1365,2021-12-22,2021-12-24,4,2021-12-28,"same-day","usps",24.14,"on-time",4
1366,2022-10-17,2022-10-19,8,2022-10-27,"standard","usps",28.29,"delayed",2
1367,2023-01-23,2023-01-25,2,2023-01-27,"standard","fedex",13.12,"on-time",1
1368,2021-04-05,2021-04-06,9,2021-04-15,"standard","ups",41.84,"on-time",3
1369,2022-07-08,2022-07-09,5,2022-07-14,"express","ups",49.85,"on-time",5
1370,2023-10-24,2023-10-25,3,2023-10-28,"standard","fedex",35.5,"delayed",5
1371,2024-08-19,2024-08-21,2,2024-08-23,"same-day","usps",33.66,"on-time",1
1372,2023-07-02,2023-07-03,6,2023-07-09,"same-day","dhl",48.04,"on-time",3
1373,2022-11-30,2022-12-05,10,2022-12-15,"express","dhl",49.16,"on-time",1
1374,2021-08-29,2021-09-01,3,2021-09-04,"same-day","usps",49.69,"on-time",2
1375,2024-03-26,2024-03-31,8,2024-04-08,"express","dhl",20.32,"on-time",5
1376,2022-03-26,2022-03-29,10,2022-04-08,"same-day","ups",38.03,"on-time",3
1377,2021-09-24,2021-09-29,9,2021-10-08,"same-day","usps",26.22,"delayed",3
1378,2022-02-24,2022-03-01,9,2022-03-10,"same-day","fedex",24.3,"on-time",5
1379,2021-03-25,2021-03-30,3,2021-04-02,"standard","usps",7.45,"on-time",4
1380,2023-04-06,2023-04-11,7,2023-04-18,"same-day","usps",45.41,"on-time",4
1381,2024-09-20,2024-09-23,8,2024-10-01,"standard","ups",26.81,"on-time",3
1382,2023-04-05,2023-04-07,3,2023-04-10,"express","fedex",39.76,"delayed",4
1383,2024-01-02,2024-01-07,9,2024-01-16,"express","usps",11.98,"on-time",5
1384,2023-12-24,2023-12-27,10,2024-01-06,"express","dhl",49.24,"on-time",4
1385,2023-12-29,2024-01-03,3,2024-01-06,"express","fedex",38.35,"on-time",3
1386,2022-05-12,2022-05-17,10,2022-05-27,"same-day","dhl",33.6,"on-time",5
1387,2022-02-07,2022-02-09,5,2022-02-14,"express","fedex",16.09,"on-time",3
1388,2024-04-29,2024-05-03,6,2024-05-09,"same-day","ups",24.56,"on-time",2
1389,2023-08-17,2023-08-22,10,2023-09-01,"express","fedex",13.54,"on-time",1
1390,2021-02-02,2021-02-05,3,2021-02-08,"express","usps",41.01,"delayed",1
1391,2024-12-04,2024-12-05,3,2024-12-08,"express","usps",34.47,"on-time",3
1392,2023-08-04,2023-08-06,8,2023-08-14,"same-day","dhl",31.44,"on-time",2
1393,2023-11-19,2023-11-23,7,2023-11-30,"standard","ups",21.29,"on-time",3
1394,2022-06-10,2022-06-14,10,2022-06-24,"same-day","ups",34.58,"on-time",1
1395,2023-08-31,2023-09-02,8,2023-09-10,"express","fedex",45.8,"delayed",3
1396,2022-07-27,2022-07-28,7,2022-08-04,"standard","ups",45.98,"on-time",2
1397,2024-02-01,2024-02-02,6,2024-02-08,"standard","fedex",41.13,"delayed",5
1398,2022-08-10,2022-08-12,9,2022-08-21,"standard","fedex",9.59,"on-time",3
1399,2024-08-29,2024-09-02,9,2024-09-11,"same-day","dhl",6.04,"delayed",5
1400,2023-05-09,2023-05-14,4,2023-05-18,"standard","usps",17.38,"delayed",3
1401,2024-01-19,2024-01-23,4,2024-01-27,"standard","ups",10.91,"on-time",5
1402,2024-04-16,2024-04-17,9,2024-04-26,"same-day","usps",15.64,"on-time",2
1403,2023-01-06,2023-01-11,6,2023-01-17,"same-day","ups",20.77,"on-time",4
1404,2023-12-21,2023-12-23,10,2024-01-02,"standard","fedex",13.11,"delayed",3
1405,2024-05-18,2024-05-23,9,2024-06-01,"same-day","dhl",24.39,"delayed",5
1406,2023-06-24,2023-06-28,8,2023-07-06,"standard","dhl",28.53,"delayed",1
1407,2022-07-18,2022-07-20,7,2022-07-27,"same-day","fedex",37.27,"on-time",1
1408,2022-08-14,2022-08-18,4,2022-08-22,"same-day","usps",19.28,"on-time",5
1409,2022-04-17,2022-04-22,4,2022-04-26,"same-day","ups",16.17,"on-time",4
1410,2022-09-24,2022-09-25,2,2022-09-27,"express","ups",38.88,"on-time",2
1411,2023-10-04,2023-10-05,4,2023-10-09,"express","fedex",32.94,"on-time",4
1412,2024-02-21,2024-02-26,4,2024-03-01,"standard","fedex",45.55,"on-time",4
1413,2023-09-22,2023-09-27,2,2023-09-29,"standard","ups",35.53,"on-time",4
1414,2022-09-26,2022-09-27,10,2022-10-07,"same-day","dhl",16.14,"delayed",2
1415,2024-07-23,2024-07-25,3,2024-07-28,"same-day","ups",9.82,"on-time",4
1416,2023-12-11,2023-12-14,9,2023-12-23,"standard","fedex",34.71,"returned",2
1417,2023-10-11,2023-10-15,5,2023-10-20,"express","usps",28.47,"on-time",2
1418,2022-12-06,2022-12-11,9,2022-12-20,"express","fedex",33.07,"delayed",3
1419,2024-02-23,2024-02-28,3,2024-03-02,"standard","ups",5.51,"delayed",1
1420,2023-11-17,2023-11-18,2,2023-11-20,"standard","dhl",12.89,"on-time",2
1421,2024-05-12,2024-05-13,10,2024-05-23,"standard","fedex",44.57,"on-time",5
1422,2024-11-02,2024-11-04,9,2024-11-13,"express","usps",32.05,"on-time",2
1423,2022-08-30,2022-08-31,3,2022-09-03,"same-day","usps",26.64,"on-time",3
1424,2024-07-31,2024-08-01,3,2024-08-04,"express","ups",14.73,"on-time",5
1425,2023-01-08,2023-01-13,5,2023-01-18,"same-day","ups",49.8,"on-time",3
1426,2023-01-25,2023-01-30,6,2023-02-05,"express","usps",11.47,"on-time",2
1427,2024-08-22,2024-08-27,7,2024-09-03,"express","usps",17.34,"on-time",4
1428,2023-05-01,2023-05-03,5,2023-05-08,"express","fedex",6.51,"on-time",1
1429,2024-11-30,2024-12-01,5,2024-12-06,"standard","dhl",7.61,"delayed",3
1430,2022-03-14,2022-03-18,5,2022-03-23,"standard","usps",48.05,"on-time",1
1431,2023-07-08,2023-07-09,6,2023-07-15,"same-day","usps",47.11,"on-time",1
1432,2021-08-06,2021-08-08,3,2021-08-11,"same-day","usps",25.24,"delayed",2
1433,2023-02-13,2023-02-16,7,2023-02-23,"standard","ups",25.86,"delayed",1
1434,2022-04-11,2022-04-12,3,2022-04-15,"standard","fedex",21.62,"returned",1
1435,2022-05-02,2022-05-04,2,2022-05-06,"express","ups",43.01,"delayed",4
1436,2023-08-05,2023-08-09,10,2023-08-19,"express","ups",46.58,"delayed",1
1437,2022-11-19,2022-11-20,6,2022-11-26,"express","ups",40.21,"on-time",4
1438,2021-04-02,2021-04-03,7,2021-04-10,"express","ups",49.26,"on-time",2
1439,2023-10-15,2023-10-18,10,2023-10-28,"standard","usps",33.12,"on-time",3
1440,2022-03-22,2022-03-23,3,2022-03-26,"same-day","ups",15.58,"on-time",4
1441,2021-08-27,2021-08-29,8,2021-09-06,"express","fedex",47.82,"on-time",2
1442,2024-05-17,2024-05-18,10,2024-05-28,"standard","ups",10.05,"returned",2
1443,2024-12-02,2024-12-07,5,2024-12-12,"same-day","dhl",41.03,"on-time",4
1444,2023-05-16,2023-05-17,6,2023-05-23,"express","dhl",26.1,"on-time",1
1445,2024-06-26,2024-06-27,10,2024-07-07,"same-day","fedex",6.05,"on-time",1
1446,2024-09-12,2024-09-16,7,2024-09-23,"standard","dhl",8.29,"on-time",5
1447,2024-04-22,2024-04-27,3,2024-04-30,"standard","dhl",25.07,"on-time",1
1448,2024-07-25,2024-07-29,5,2024-08-03,"standard","ups",17.03,"on-time",2
1449,2024-12-06,2024-12-10,8,2024-12-18,"same-day","ups",48.46,"delayed",5
1450,2023-06-18,2023-06-21,10,2023-07-01,"same-day","ups",25.67,"returned",5
1451,2021-05-10,2021-05-11,2,2021-05-13,"same-day","fedex",38.75,"delayed",3
1452,2022-07-16,2022-07-17,7,2022-07-24,"standard","fedex",18.5,"on-time",5
1453,2024-08-30,2024-08-31,8,2024-09-08,"same-day","usps",29.95,"delayed",3
1454,2023-05-07,2023-05-08,7,2023-05-15,"express","fedex",47.93,"on-time",2
1455,2024-03-05,2024-03-10,4,2024-03-14,"same-day","fedex",43.16,"on-time",3
1456,2023-07-01,2023-07-02,3,2023-07-05,"express","usps",31.66,"delayed",2
1457,2021-09-04,2021-09-08,2,2021-09-10,"express","dhl",6.18,"returned",2
1458,2023-04-26,2023-04-28,10,2023-05-08,"express","fedex",29.7,"on-time",4
1459,2023-03-05,2023-03-09,8,2023-03-17,"express","dhl",38.2,"on-time",1
1460,2024-07-20,2024-07-23,8,2024-07-31,"standard","usps",47.87,"on-time",4
1461,2021-10-05,2021-10-10,9,2021-10-19,"express","dhl",5.27,"delayed",5
1462,2024-02-25,2024-02-27,10,2024-03-08,"express","dhl",47.05,"delayed",1
1463,2021-09-02,2021-09-05,10,2021-09-15,"express","dhl",39.38,"on-time",5
1464,2023-02-01,2023-02-06,8,2023-02-14,"standard","ups",21.9,"on-time",2
1465,2023-03-02,2023-03-03,7,2023-03-10,"express","ups",6.36,"on-time",3
1466,2024-02-08,2024-02-11,6,2024-02-17,"express","dhl",27.72,"on-time",4
1467,2022-12-28,2022-12-31,9,2023-01-09,"express","fedex",29.65,"on-time",5
1468,2022-02-14,2022-02-19,9,2022-02-28,"standard","dhl",12.57,"on-time",5
1469,2022-08-30,2022-09-04,5,2022-09-09,"standard","usps",37.88,"on-time",5
1470,2024-04-10,2024-04-11,6,2024-04-17,"express","usps",16.07,"on-time",4
1471,2023-10-02,2023-10-04,6,2023-10-10,"standard","ups",36.5,"on-time",1
1472,2021-04-10,2021-04-11,3,2021-04-14,"same-day","dhl",8.33,"on-time",2
1473,2021-01-28,2021-01-30,10,2021-02-09,"express","usps",42.11,"delayed",2
1474,2023-11-29,2023-12-04,6,2023-12-10,"standard","fedex",38.45,"on-time",4
1475,2022-10-27,2022-10-28,9,2022-11-06,"express","ups",25.91,"on-time",3
1476,2023-05-02,2023-05-06,8,2023-05-14,"express","fedex",23.45,"returned",1
1477,2022-02-04,2022-02-07,9,2022-02-16,"express","usps",29.56,"delayed",1
1478,2022-09-17,2022-09-18,8,2022-09-26,"express","ups",37.1,"on-time",5
1479,2022-12-17,2022-12-22,4,2022-12-26,"standard","dhl",22.7,"on-time",2
1480,2022-04-17,2022-04-19,6,2022-04-25,"standard","dhl",23.73,"on-time",2
1481,2024-10-23,2024-10-26,8,2024-11-03,"express","fedex",14.37,"delayed",4
1482,2023-10-09,2023-10-12,6,2023-10-18,"express","fedex",8.23,"on-time",5
1483,2023-08-15,2023-08-19,8,2023-08-27,"same-day","fedex",14.58,"on-time",1
1484,2021-09-26,2021-09-29,6,2021-10-05,"express","dhl",11.5,"delayed",3
1485,2021-12-26,2021-12-29,8,2022-01-06,"standard","ups",9.83,"delayed",4
1486,2023-12-02,2023-12-06,8,2023-12-14,"express","fedex",39.75,"on-time",5
1487,2023-01-01,2023-01-04,3,2023-01-07,"standard","usps",45.51,"returned",1
1488,2023-12-22,2023-12-24,8,2024-01-01,"express","usps",15,"delayed",3
1489,2021-04-12,2021-04-14,6,2021-04-20,"same-day","ups",26.09,"on-time",3
1490,2022-02-02,2022-02-04,8,2022-02-12,"standard","dhl",8.48,"on-time",3
1491,2021-11-15,2021-11-19,6,2021-11-25,"same-day","fedex",22.64,"on-time",5
1492,2024-03-15,2024-03-18,3,2024-03-21,"standard","ups",7.37,"on-time",5
1493,2022-09-19,2022-09-20,6,2022-09-26,"same-day","fedex",25.86,"on-time",3
1494,2022-04-02,2022-04-05,6,2022-04-11,"same-day","ups",17.43,"on-time",4
1495,2023-02-24,2023-02-26,3,2023-03-01,"standard","fedex",5.32,"on-time",1
1496,2021-03-13,2021-03-15,2,2021-03-17,"same-day","fedex",33.57,"on-time",2
1497,2022-12-29,2023-01-02,7,2023-01-09,"same-day","ups",28.14,"on-time",4
1498,2023-12-24,2023-12-27,6,2024-01-02,"same-day","usps",21.4,"on-time",5
1499,2021-06-22,2021-06-26,7,2021-07-03,"same-day","ups",33.21,"on-time",3
1500,2024-09-22,2024-09-26,6,2024-10-02,"express","dhl",18.4,"on-time",1
